system,n,hit_rate,multi_hit_rate,recall,mrr,rouge1_recall,rougeL_recall,bertscore_recall
hybrid,5,0.8,0.8,0.8,0.6666666666666667,0.13333333333333333,0.13333333333333333,0.9231503367424011
