system,n,hit_rate,multi_hit_rate,recall,mrr,rouge1_recall,rougeL_recall,bertscore_recall,prompt_tokens,completion_tokens,total_tokens,retrieve_time,llm_time,total_elapsed
hybrid,5,0.8,0.8,0.8,0.6666666666666667,0.13333333333333333,0.13333333333333333,0.9215045928955078,1935.4,172.2,2107.6,6.182558599999174,5.050866000005044,11.233424600004218
