system,n,hit_rate,multi_hit_rate,recall,mrr,rouge1_recall,rougeL_recall,bertscore_recall,prompt_tokens,completion_tokens,total_tokens,retrieve_time,llm_time,total_elapsed
graph,5,0.8,0.8,0.8,0.5666666666666667,0.13333333333333333,0.13333333333333333,0.9231779098510742,2469.8,196.4,2666.2,1.4070982200559228,37.98039521994069,39.38749343999662
