system,n,hit_rate,multi_hit_rate,recall,mrr,rouge1_recall,rougeL_recall,bertscore_recall,prompt_tokens,completion_tokens,total_tokens,retrieve_time,llm_time,total_elapsed
graph,488,0.8831967213114754,0.7684426229508197,0.8200445615404632,0.68307962529274,0.1408744659256954,0.1351709140131271,0.8955874454046859,2828.9221311475408,181.29918032786884,3010.22131147541,0.1715420635281604,4.742863936271981,4.914405999800141
