system,n,hit_rate,multi_hit_rate,recall,mrr,rouge1_recall,rougeL_recall,bertscore_recall,prompt_tokens,completion_tokens,total_tokens,retrieve_time,llm_time,total_elapsed
graph,488,0.8114754098360656,0.6782786885245902,0.7372479182930003,0.6211260733801718,0.1373486997974703,0.12976673258435553,0.8876036589995759,2249.8627049180327,175.74180327868854,2425.6045081967213,0.16197407295136354,3.1958443086066417,3.3578183815580056
