system,n,hit_rate,multi_hit_rate,recall,mrr,rouge1_recall,rougeL_recall,bertscore_recall,prompt_tokens,completion_tokens,total_tokens,retrieve_time,llm_time,total_elapsed
graph,44,0.8636363636363636,0.8636363636363636,0.8636363636363636,0.8522727272727273,0.15547520661157024,0.15547520661157024,0.9201923148198561,1924.590909090909,158.9318181818182,2083.5227272727275,0.14374222500059244,2.96014385454526,3.1038860795458523
