system,n,hit_rate,multi_hit_rate,recall,mrr,rouge1_recall,rougeL_recall,bertscore_recall,prompt_tokens,completion_tokens,total_tokens,retrieve_time,llm_time,total_elapsed
graph,488,0.6454918032786885,0.5061475409836066,0.566450364298725,0.5064890710382514,0.1229050321263436,0.11694139194139194,0.8734022080898285,1481.7868852459017,165.61885245901638,1647.405737704918,0.15126305901742212,2.809878618238264,2.9611416772556858
