system,n,hit_rate,multi_hit_rate,recall,mrr,rouge1_recall,rougeL_recall,bertscore_recall,prompt_tokens,completion_tokens,total_tokens,retrieve_time,llm_time,total_elapsed
graph,444,0.8851351351351351,0.7657657657657657,0.8194784069784069,0.6663127413127413,0.14312499312499313,0.1391084766084766,0.8938261756488869,3056.4572072072074,179.40315315315314,3235.8603603603606,0.16209316756673312,3.1881213977462024,3.350214565312936
