system,n,hit_rate,multi_hit_rate,recall,mrr,rouge1_recall,rougeL_recall,bertscore_recall,prompt_tokens,completion_tokens,total_tokens,retrieve_time,llm_time,total_elapsed
graph,44,0.6590909090909091,0.6590909090909091,0.6590909090909091,0.6590909090909091,0.11931818181818182,0.11931818181818182,0.8987502225420692,879.9090909090909,147.27272727272728,1027.1818181818182,0.1448203954562566,2.7274536500031403,2.872274045459397
