system,n,hit_rate,multi_hit_rate,recall,mrr,rouge1_recall,rougeL_recall,bertscore_recall,prompt_tokens,completion_tokens,total_tokens,retrieve_time,llm_time,total_elapsed
graph,488,0.8831967213114754,0.7745901639344263,0.8234598620869112,0.68307962529274,0.14423853696394678,0.14058416537924734,0.8962035035012198,2954.40368852459,177.55737704918033,3131.9610655737706,0.16043857438454012,3.16756604549038,3.32800461987492
