system,n,hit_rate,multi_hit_rate,recall,mrr,rouge1_recall,rougeL_recall,bertscore_recall,prompt_tokens,completion_tokens,total_tokens,retrieve_time,llm_time,total_elapsed
graph,444,0.8063063063063063,0.6599099099099099,0.7247229372229372,0.5982196482196482,0.1355523793023793,0.12721904596904599,0.8847698382697664,2331.3445945945946,178.2882882882883,2509.6328828828828,0.16356932274763356,3.2555288569828673,3.4190981797305007
