system,n,hit_rate,multi_hit_rate,recall,mrr,rouge1_recall,rougeL_recall,bertscore_recall,prompt_tokens,completion_tokens,total_tokens,retrieve_time,llm_time,total_elapsed
graph,444,0.6441441441441441,0.49099099099099097,0.5572697697697697,0.4913663663663663,0.12326048576048576,0.1167058542058542,0.8708901669796523,1541.4324324324325,167.43693693693695,1708.8693693693695,0.1519015211721322,2.8180468583336364,2.9699483795057686
