system,n,hit_rate,multi_hit_rate,recall,mrr,rouge1_recall,rougeL_recall,bertscore_recall,prompt_tokens,completion_tokens,total_tokens,retrieve_time,llm_time,total_elapsed
graph,44,0.8636363636363636,0.8636363636363636,0.8636363636363636,0.8522727272727273,0.15547520661157024,0.15547520661157024,0.9161984487013384,1427.6363636363637,150.04545454545453,1577.6818181818182,0.1458765522799116,2.5935729568101866,2.7394495090900985
