system,n,hit_rate,multi_hit_rate,recall,mrr,rouge1_recall,rougeL_recall,bertscore_recall,prompt_tokens,completion_tokens,total_tokens,retrieve_time,llm_time,total_elapsed
hybrid_rerank,488,0.8668032786885246,0.18237704918032788,0.46929054210816507,0.7315573770491803,0.13738135157192535,0.12827563488424143,0.8955187661970248,1308.3811475409836,168.44467213114754,1476.825819672131,0.29479643524758953,4.377995263727035,4.672791698974625
