system,n,hit_rate,multi_hit_rate,recall,mrr,rouge1_recall,rougeL_recall,bertscore_recall,prompt_tokens,completion_tokens,total_tokens,retrieve_time,llm_time,total_elapsed
hybrid_rag,444,0.7207207207207207,0.0,0.28793520043520043,0.5675675675675675,0.12092092092092092,0.11616809116809117,0.8769657704475764,947.8558558558559,154.88288288288288,1102.7387387387387,0.14113871486587995,2.1777963817565595,2.3189350966224396
