system,n,hit_rate,multi_hit_rate,recall,mrr,rouge1_recall,rougeL_recall,bertscore_recall,prompt_tokens,completion_tokens,total_tokens,retrieve_time,llm_time,total_elapsed
hybrid_rag,488,0.9077868852459017,0.24385245901639344,0.5305700526704625,0.707308743169399,0.1438247601669733,0.13574363364322378,0.8975575483236157,1659.3627049180327,172.8094262295082,1832.172131147541,0.14308649774478102,2.7314359530737122,2.874522450818493
