system,n,hit_rate,multi_hit_rate,recall,mrr,rouge1_recall,rougeL_recall,bertscore_recall,prompt_tokens,completion_tokens,total_tokens,retrieve_time,llm_time,total_elapsed
hybrid_rag,488,0.7336065573770492,0.0778688524590164,0.33984268236317416,0.5942622950819673,0.11993811061434012,0.11458922452774913,0.879939602535279,940.0594262295082,152.97131147540983,1093.030737704918,0.14125989385311336,2.207818387295134,2.3490782811482473
