system,n,hit_rate,multi_hit_rate,recall,mrr,rouge1_recall,rougeL_recall,bertscore_recall,prompt_tokens,completion_tokens,total_tokens,retrieve_time,llm_time,total_elapsed
hybrid_rag,44,0.8863636363636364,0.8863636363636364,0.8863636363636364,0.8863636363636364,0.1327479338842975,0.1327479338842975,0.9174444661899046,1266.1818181818182,143.72727272727272,1409.909090909091,0.14343252953999167,2.7303296363666463,2.873762165906638
