system,n,hit_rate,multi_hit_rate,recall,mrr,rouge1_recall,rougeL_recall,bertscore_recall,prompt_tokens,completion_tokens,total_tokens,retrieve_time,llm_time,total_elapsed
hybrid_ref_topn_appendlast,488,0.9200819672131147,0.8217213114754098,0.8647931303669009,0.7542398516783763,0.14714261717335486,0.138890725622283,0.900630030842101,2668.4897540983607,180.92418032786884,2849.4139344262294,3.2204404368855397,5.281345408605211,8.501785845490751
