system,n,hit_rate,multi_hit_rate,recall,mrr,rouge1_recall,rougeL_recall,bertscore_recall,prompt_tokens,completion_tokens,total_tokens,retrieve_time,llm_time,total_elapsed
hybrid_rerank,488,0.7315573770491803,0.07377049180327869,0.3359206162689769,0.6004098360655737,0.12198378806985365,0.11628023615728535,0.8815661742061865,945.7172131147541,158.74180327868854,1104.4590163934427,0.25674120491713126,3.587761742418196,3.844502947335327
