system,n,hit_rate,multi_hit_rate,recall,mrr,rouge1_recall,rougeL_recall,bertscore_recall,prompt_tokens,completion_tokens,total_tokens,retrieve_time,llm_time,total_elapsed
hybrid_ref_topn_parentfirst,488,0.9036885245901639,0.7766393442622951,0.8329527712724434,0.7351434426229508,0.13894744827121874,0.1276217862283436,0.8970639180453097,2123.590163934426,172.45696721311475,2296.0471311475408,2.1799916350398427,10.083172688320552,12.263164323360394
