system,n,hit_rate,multi_hit_rate,recall,mrr,rouge1_recall,rougeL_recall,bertscore_recall,prompt_tokens,completion_tokens,total_tokens,retrieve_time,llm_time,total_elapsed
hybrid_rerank,488,0.9057377049180327,0.24385245901639344,0.5292858996649981,0.7551229508196722,0.14782066180631753,0.1407641254465025,0.8978266946849276,1689.4262295081967,173.13319672131146,1862.5594262295083,0.27553725204899043,2.6157709514334813,2.8913082034824718
