system,n,hit_rate,multi_hit_rate,recall,mrr,rouge1_recall,rougeL_recall,bertscore_recall,prompt_tokens,completion_tokens,total_tokens,retrieve_time,llm_time,total_elapsed
hybrid_rag,488,0.9241803278688525,0.8135245901639344,0.8630854800936769,0.694077780143354,0.1486403339374651,0.1405592074137156,0.8958895505696046,1647.6516393442623,172.4139344262295,1820.0655737704917,0.16965315266957004,4.250751984425912,4.420405137095482
