system,n,hit_rate,multi_hit_rate,recall,mrr,rouge1_recall,rougeL_recall,bertscore_recall,prompt_tokens,completion_tokens,total_tokens,retrieve_time,llm_time,total_elapsed
hybrid_rag,444,0.8671171171171171,0.10810810810810811,0.42883403758403754,0.6790540540540541,0.13891659516659519,0.13172382547382547,0.8924124788593601,1308.105855855856,170.92567567567568,1479.0315315315315,0.15161611193629518,3.4030226545071707,3.5546387664434658
