system,n,hit_rate,multi_hit_rate,recall,mrr,rouge1_recall,rougeL_recall,bertscore_recall,prompt_tokens,completion_tokens,total_tokens,retrieve_time,llm_time,total_elapsed
hybrid_rag,44,0.8636363636363636,0.8636363636363636,0.8636363636363636,0.8636363636363636,0.11002066115702479,0.09865702479338843,0.9099475524642251,861.3863636363636,133.6818181818182,995.0681818181819,0.14248269999701402,2.510767715911656,2.65325041590867
