system,n,hit_rate,multi_hit_rate,recall,mrr,rouge1_recall,rougeL_recall,bertscore_recall,prompt_tokens,completion_tokens,total_tokens,retrieve_time,llm_time,total_elapsed
hybrid_ref_topn_parentfirst,44,0.9545454545454546,0.9545454545454546,0.9545454545454546,0.9204545454545454,0.15547520661157024,0.1441115702479339,0.9229235215620561,1325.3636363636363,146.6818181818182,1472.0454545454545,1.8831507477232001,19.227975154548236,21.11112590227144
