system,n,hit_rate,multi_hit_rate,recall,mrr,rouge1_recall,rougeL_recall,bertscore_recall,prompt_tokens,completion_tokens,total_tokens,retrieve_time,llm_time,total_elapsed
hybrid_rag,44,0.9318181818181818,0.9318181818181818,0.9318181818181818,0.893939393939394,0.11002066115702479,0.09865702479338843,0.9236029630357568,1574.3636363636363,146.97727272727272,1721.340909090909,0.14123360681829086,2.8780101227338575,3.0192437295521484
