system,n,hit_rate,multi_hit_rate,recall,mrr,rouge1_recall,rougeL_recall,bertscore_recall,prompt_tokens,completion_tokens,total_tokens,retrieve_time,llm_time,total_elapsed
hybrid_ref_topn_parentfirst,444,0.7657657657657657,0.5968468468468469,0.6655369655369656,0.5972222222222222,0.13463972213972214,0.12705713955713957,0.882988697102478,1572.8063063063064,168.2027027027027,1741.009009009009,1.2565219916670995,3.7639118378375227,5.020433829504622
