system,n,hit_rate,multi_hit_rate,recall,mrr,rouge1_recall,rougeL_recall,bertscore_recall,prompt_tokens,completion_tokens,total_tokens,retrieve_time,llm_time,total_elapsed
hybrid_ref_topn_parentfirst,488,0.9241803278688525,0.819672131147541,0.8661592505854802,0.7486420114493885,0.14971352645532973,0.14112010484961304,0.9003068123195992,2700.5860655737706,180.06762295081967,2880.65368852459,3.238042174795424,3.891363121721236,7.12940529651666
