system,n,hit_rate,multi_hit_rate,recall,mrr,rouge1_recall,rougeL_recall,bertscore_recall,prompt_tokens,completion_tokens,total_tokens,retrieve_time,llm_time,total_elapsed
hybrid_rag,488,0.8688524590163934,0.17827868852459017,0.4700867063264604,0.6977459016393442,0.13836040439524047,0.13181616311739264,0.8946695165311704,1304.325819672131,168.4733606557377,1472.799180327869,0.15087824794974322,3.342370005330566,3.4932482532803095
