system,n,hit_rate,multi_hit_rate,recall,mrr,rouge1_recall,rougeL_recall,bertscore_recall,prompt_tokens,completion_tokens,total_tokens,retrieve_time,llm_time,total_elapsed
hybrid_rag,444,0.9054054054054054,0.17567567567567569,0.4908067245567246,0.6888138138138138,0.14717471592471593,0.13941888316888315,0.8949763809775447,1667.786036036036,175.36936936936937,1843.1554054054054,0.1432701175663251,2.7169105849091935,2.8601807024755184
