system,n,hit_rate,multi_hit_rate,recall,mrr,rouge1_recall,rougeL_recall,bertscore_recall,prompt_tokens,completion_tokens,total_tokens,retrieve_time,llm_time,total_elapsed
hybrid_ref_topn_parentfirst,444,0.9234234234234234,0.8085585585585585,0.8596525096525097,0.7331170456170456,0.1468902968902969,0.13744527494527495,0.898071192540564,2790.6441441441443,182.40315315315314,2973.0472972972975,3.2832629218476517,3.9637908720719968,7.247053793919648
