system,n,hit_rate,multi_hit_rate,recall,mrr,rouge1_recall,rougeL_recall,bertscore_recall,prompt_tokens,completion_tokens,total_tokens,retrieve_time,llm_time,total_elapsed
hybrid_ref_topn_parentfirst,488,0.7745901639344263,0.6209016393442623,0.6833983866770752,0.6212431693989071,0.13446915106751173,0.12654565379975216,0.8849955032594868,1508.5061475409836,165.16803278688525,1673.674180327869,1.2311708502052543,3.6814655737699007,4.9126364239751545
