system,n,hit_rate,multi_hit_rate,recall,mrr,rouge1_recall,rougeL_recall,bertscore_recall,prompt_tokens,completion_tokens,total_tokens,retrieve_time,llm_time,total_elapsed
hybrid_ref_topn_appendlast,488,0.8954918032786885,0.7725409836065574,0.825907494145199,0.7329918032786885,0.15063916047522605,0.14102114870557494,0.8970906681946067,2142.002049180328,176.93032786885246,2318.93237704918,2.1798472956974453,8.711081464549233,10.890928760246679
