system,n,hit_rate,multi_hit_rate,recall,mrr,rouge1_recall,rougeL_recall,bertscore_recall,prompt_tokens,completion_tokens,total_tokens,retrieve_time,llm_time,total_elapsed
hybrid_ref_topn_parentfirst,44,0.8636363636363636,0.8636363636363636,0.8636363636363636,0.8636363636363636,0.1327479338842975,0.12138429752066116,0.9052460071715441,859.6590909090909,134.54545454545453,994.2045454545455,0.9753547863629964,2.8495078181784432,3.8248626045414396
