system,n,hit_rate,multi_hit_rate,recall,mrr,rouge1_recall,rougeL_recall,bertscore_recall,prompt_tokens,completion_tokens,total_tokens,retrieve_time,llm_time,total_elapsed
hybrid_ref_topn_parentfirst,44,0.9318181818181818,0.9318181818181818,0.9318181818181818,0.9053030303030304,0.17820247933884298,0.17820247933884298,0.9228662509809841,1791.8181818181818,156.5,1948.3181818181818,2.7817237272683997,3.160501277272653,5.9422250045410525
