system,n,hit_rate,multi_hit_rate,recall,mrr,rouge1_recall,rougeL_recall,bertscore_recall,prompt_tokens,completion_tokens,total_tokens,retrieve_time,llm_time,total_elapsed
hybrid_ref_topn_parentfirst,444,0.8986486486486487,0.759009009009009,0.8209030459030459,0.7167792792792793,0.13730956230956232,0.1259876634876635,0.8945012557076978,2202.6936936936936,175.01126126126127,2377.704954954955,2.2094082995486994,9.176931002478169,11.386339302026869
