system,n,hit_rate,multi_hit_rate,recall,mrr,rouge1_recall,rougeL_recall,bertscore_recall,prompt_tokens,completion_tokens,total_tokens,retrieve_time,llm_time,total_elapsed
sparse_rag,488,0.8913934426229508,0.7418032786885246,0.8094636351808483,0.6270580000600492,0.12709316525914885,0.12191504419988027,0.8912303768953339,1710.688524590164,174.26024590163934,1884.9487704918033,0.14878664712791834,7.071832921107387,7.220619568235306
