system,n,hit_rate,multi_hit_rate,recall,mrr,rouge1_recall,rougeL_recall,bertscore_recall,prompt_tokens,completion_tokens,total_tokens,retrieve_time,llm_time,total_elapsed
sparse_rag,488,0.6926229508196722,0.07172131147540983,0.318078110414176,0.5471311475409836,0.11862296969878937,0.11377324292283308,0.8776120939215676,952.7151639344262,158.39344262295083,1111.108606557377,0.14120454364730575,3.780797060861273,3.922001604508579
