system,n,hit_rate,multi_hit_rate,recall,mrr,rouge1_recall,rougeL_recall,bertscore_recall,prompt_tokens,completion_tokens,total_tokens,retrieve_time,llm_time,total_elapsed
sparse_rag,488,0.8668032786885246,0.22745901639344263,0.5007965270157894,0.6352459016393442,0.1371325225321127,0.1319544014728441,0.8921832233423093,1710.688524590164,173.60040983606558,1884.2889344262296,0.1465325481570841,2.613382064138485,2.7599146122955687
