system,n,hit_rate,multi_hit_rate,recall,mrr,rouge1_recall,rougeL_recall,bertscore_recall,prompt_tokens,completion_tokens,total_tokens,retrieve_time,llm_time,total_elapsed
sparse_rag,488,0.8381147540983607,0.15778688524590165,0.44040181585263555,0.6168032786885246,0.13837516650016649,0.13114786511302906,0.8879508081762517,1337.9610655737704,167.8422131147541,1505.8032786885246,0.14356077438591097,4.8487715497949315,4.992332324180842
