system,n,hit_rate,multi_hit_rate,recall,mrr,rouge1_recall,rougeL_recall,bertscore_recall,prompt_tokens,completion_tokens,total_tokens,retrieve_time,llm_time,total_elapsed
vector_rag,488,0.9077868852459017,0.2151639344262295,0.5200999535528223,0.7260928961748634,0.1406388977597994,0.13426542150927398,0.8982352013470697,1623.125,169.7295081967213,1792.8545081967213,0.14529681844065695,2.335159969878107,2.4804567883187643
