system,n,hit_rate,multi_hit_rate,recall,mrr,rouge1_recall,rougeL_recall,bertscore_recall,prompt_tokens,completion_tokens,total_tokens,retrieve_time,llm_time,total_elapsed
vector_rag,488,0.9364754098360656,0.819672131147541,0.8717619698152484,0.7183922805336739,0.1411365558394247,0.1343532435233255,0.898164978403537,1623.125,171.15368852459017,1794.27868852459,0.14832842705215968,4.474384350612946,4.6227127776651065
