system,n,hit_rate,multi_hit_rate,recall,mrr,rouge1_recall,rougeL_recall,bertscore_recall,prompt_tokens,completion_tokens,total_tokens,retrieve_time,llm_time,total_elapsed
vector_rag,488,0.7684426229508197,0.08196721311475409,0.35642884551696025,0.6516393442622951,0.1284211917408639,0.12085236029908161,0.8854809377769954,925.0655737704918,152.80737704918033,1077.872950819672,0.14266500799209605,3.0012531559415767,3.143918163933673
