system,n,hit_rate,multi_hit_rate,recall,mrr,rouge1_recall,rougeL_recall,bertscore_recall,prompt_tokens,completion_tokens,total_tokens,retrieve_time,llm_time,total_elapsed
vector_rag,488,0.8770491803278688,0.16188524590163936,0.46513387000067324,0.7090163934426229,0.13797671476974754,0.13160323851922212,0.8945684160609715,1276.188524590164,164.88319672131146,1441.0717213114754,0.1426311252053281,3.152079500614133,3.294710625819461
