system,n,hit_rate,multi_hit_rate,recall,mrr,rouge1_recall,rougeL_recall,bertscore_recall,prompt_tokens,completion_tokens,total_tokens,retrieve_time,llm_time,total_elapsed
graph,44,0.8636363636363636,0.8636363636363636,0.8636363636363636,0.8522727272727273,0.1327479338842975,0.1327479338842975,0.9192548272284594,1891.340909090909,152.6818181818182,2044.0227272727273,0.14822588636095382,4.0640951022876175,4.212320988648571
