system,n,hit_rate,multi_hit_rate,recall,mrr,rouge1_recall,rougeL_recall,bertscore_recall,prompt_tokens,completion_tokens,total_tokens,retrieve_time,llm_time,total_elapsed
graph,444,0.8851351351351351,0.759009009009009,0.8157246532246533,0.6663127413127413,0.14167979792979793,0.13541102916102915,0.8932420270400004,2921.8355855855857,184.13513513513513,3105.9707207207207,0.17385267567986556,4.8101293162163765,4.9839819918962425
