system,n,hit_rate,multi_hit_rate,recall,mrr,rouge1_recall,rougeL_recall,bertscore_recall,prompt_tokens,completion_tokens,total_tokens,retrieve_time,llm_time,total_elapsed
hybrid_rag,44,0.9318181818181818,0.9318181818181818,0.9318181818181818,0.8882575757575758,0.11002066115702479,0.09865702479338843,0.9196332327344201,1569.5681818181818,144.6590909090909,1714.2272727272727,0.3549608999996549,5.197944888635902,5.552905788635557
