system,n,hit_rate,multi_hit_rate,recall,mrr,rouge1_recall,rougeL_recall,bertscore_recall,prompt_tokens,completion_tokens,total_tokens,retrieve_time,llm_time,total_elapsed
hybrid_ref_topn_parentfirst,444,0.9211711711711712,0.8063063063063063,0.8577756327756327,0.730975480975481,0.14541767041767042,0.13597264847264848,0.8973567681806581,2793.002252252252,184.27027027027026,2977.2725225225226,3.3456187099108248,5.579099806983167,8.924718516893991
