system,n,hit_rate,multi_hit_rate,recall,mrr,rouge1_recall,rougeL_recall,bertscore_recall,prompt_tokens,completion_tokens,total_tokens,retrieve_time,llm_time,total_elapsed
hybrid_ref_topn_parentfirst,44,0.9545454545454546,0.9545454545454546,0.9545454545454546,0.9166666666666667,0.15547520661157024,0.15547520661157024,0.9252634928985075,1745.6818181818182,154.54545454545453,1900.2272727272727,2.8917201590904202,6.719258000005291,9.61097815909571
