system,n,hit_rate,multi_hit_rate,recall,mrr,rouge1_recall,rougeL_recall,bertscore_recall,prompt_tokens,completion_tokens,total_tokens,retrieve_time,llm_time,total_elapsed
hybrid_rag,444,0.9211711711711712,0.8018018018018018,0.8547726297726298,0.682004407004407,0.14963610588610587,0.14188027313027313,0.8955946897601222,1670.373873873874,175.68018018018017,1846.054054054054,0.39444748130660406,4.523000253603534,4.917447734910138
