system,n,hit_rate,multi_hit_rate,recall,mrr,rouge1_recall,rougeL_recall,bertscore_recall,prompt_tokens,completion_tokens,total_tokens,retrieve_time,llm_time,total_elapsed
sparse_rag,488,0.8913934426229508,0.7418032786885246,0.8094636351808483,0.6284241202786285,0.13717399403874814,0.13199587297947954,0.8925954441799492,1711.122950819672,176.17827868852459,1887.3012295081967,0.3872317114753551,4.83906693913917,5.226298650614525
