system,n,hit_rate,multi_hit_rate,recall,mrr,rouge1_recall,rougeL_recall,bertscore_recall,prompt_tokens,completion_tokens,total_tokens,retrieve_time,llm_time,total_elapsed
vector_rag,488,0.9364754098360656,0.819672131147541,0.8717619698152484,0.7183922805336739,0.13752121626097036,0.13114774001044494,0.897856386836435,1623.125,170.3872950819672,1793.5122950819673,0.3720013137292985,4.053591785245816,4.425593098975114
