system,n,hit_rate,multi_hit_rate,recall,mrr,rouge1_recall,rougeL_recall,bertscore_recall,prompt_tokens,completion_tokens,total_tokens,retrieve_time,llm_time,total_elapsed
hybrid_rerank,488,0.930327868852459,0.8217213114754098,0.8692330210772834,0.7527556971716808,0.1470726734558702,0.14104072725998953,0.8985288737983,1681.6762295081967,175.9795081967213,1857.655737704918,3.2200741397537507,5.468250962295076,8.688325102048827
