system,n,hit_rate,multi_hit_rate,recall,mrr,rouge1_recall,rougeL_recall,bertscore_recall,prompt_tokens,completion_tokens,total_tokens,retrieve_time,llm_time,total_elapsed
hybrid_rag,488,0.9221311475409836,0.8135245901639344,0.8617193598750976,0.7006010041870698,0.1460642215252871,0.13798309500153763,0.8977620994946995,1661.2848360655737,172.88319672131146,1834.1680327868853,0.3908872157789283,4.583855917417928,4.974743133196856
