system,n,hit_rate,multi_hit_rate,recall,mrr,rouge1_recall,rougeL_recall,bertscore_recall,prompt_tokens,completion_tokens,total_tokens,retrieve_time,llm_time,total_elapsed
hybrid_ref_topn_appendlast,488,0.9262295081967213,0.8217213114754098,0.868208430913349,0.7489266198282591,0.14405571091021913,0.13665764449575926,0.9011517609240579,2688.2622950819673,179.57581967213116,2867.8381147540986,3.261594791803127,7.074709064143015,10.336303855946143
