system,n,hit_rate,multi_hit_rate,recall,mrr,rouge1_recall,rougeL_recall,bertscore_recall,prompt_tokens,completion_tokens,total_tokens,retrieve_time,llm_time,total_elapsed
hybrid_ref_topn_parentfirst,488,0.9241803278688525,0.819672131147541,0.8665007806401249,0.7477181288656699,0.14632449745154663,0.13773107584582994,0.8998729477896065,2698.5717213114754,181.59016393442624,2880.1618852459014,3.304693430738493,5.681900955534342,8.986594386272834
